time,speed,rpm,throttle_position,gear,lap_time
0,-1.4638501094227996,-1.7253243712550146,-1.516018286384735,1,120
1,-0.8783100656536798,-0.7548294124240689,-0.996240588195683,2,115
2,-0.2927700218845599,-0.10783277320343833,-0.21657404091210505,3,110
3,0.2927700218845599,0.5391638660171922,0.5630925063714729,4,105
4,0.8783100656536798,0.8626621856275075,1.082870204560525,5,100
5,1.4638501094227996,1.1861605052378228,1.082870204560525,5,95
